ID,Cluster
1651,0
6460,0
6578,0
7219,0
7683,0
8315,0
10255,0
11899,0
11925,0
12022,0
12701,0
16772,0
16999,0
18608,0
20870,0
22578,0
23958,0
24994,0
25065,0
26615,0
29520,0
29808,0
30094,0
30414,0
31464,0
32043,0
34883,0
36103,0
40601,0
49132,0
56095,0
58167,0
58550,0
63229,0
73710,0
90661,0
91828,0
92687,0
106969,0
110450,0
114394,0
117319,0
117373,0
131270,0
134051,0
136004,0
138070,0
144709,0
153082,0
153083,0
153087,0
153105,0
153106,0
153112,0
153176,0
153312,0
153443,0
153483,0
153484,0
153496,0
153498,0
153505,0
153515,0
153517,0
153567,0
153592,0
153619,0
153646,0
153656,0
153883,0
153948,0
153975,0
154010,0
154118,0
155823,0
156820,0
157597,0
157598,0
158126,0
158133,0
158139,0
158140,0
160072,0
160751,0
163078,0
164178,0
164213,0
229869,0
229887,0
294343,0
304288,0
304312,0
304314,0
304326,0
304377,0
305259,0
315763,0
315764,0
323339,0
323701,0
324262,0
324263,0
324344,0
324345,0
324363,0
324364,0
325098,0
325595,0
325596,0
330903,0
332105,0
463547,0
466907,0
467219,0
469376,0
471159,0
471620,0
471624,0
477487,0
477488,0
481287,0
481455,0
482533,0
483113,0
483405,0
483679,0
484655,0
486684,0
486845,0
487022,0
541296,0
595469,0
598747,0
603998,0
603999,0
604927,0
604942,0
604943,0
605032,0
605033,0
611007,0
612999,0
613413,0
614432,0
614587,0
614661,0
614696,0
614774,0
614839,0
614909,0
614946,0
615243,0
615267,0
615362,0
615364,0
615432,0
615521,0
615700,0
615710,0
615725,0
615910,0
615961,0
615989,0
616002,0
616028,0
616097,0
616105,0
616115,0
616140,0
616243,0
616272,0
616480,0
616505,0
616508,0
616516,0
616553,0
616554,0
616603,0
616606,0
616619,0
616668,0
616689,0
616690,0
616692,0
616693,0
616698,0
678308,0
678319,0
723800,0
724722,0
727937,0
728191,0
728971,0
740403,0
743138,0
743139,0
744371,0
745082,0
745083,0
745281,0
745282,0
745753,0
745754,0
746088,0
746090,0
746337,0
746338,0
746439,0
746440,0
746647,0
746649,0
746868,0
746869,0
748467,0
748468,0
748697,0
748698,0
803237,0
803256,0
803385,0
803415,0
856425,0
856426,0
862630,0
863304,0
863918,0
863919,0
863920,0
879707,0
879708,0
890999,0
891000,0
891423,0
891425,0
892695,0
892696,0
892705,0
892706,0
894013,0
894015,0
894253,0
894254,0
894675,0
894825,0
894826,0
894895,0
894896,0
894964,0
894965,0
895962,0
896111,0
896112,0
897341,0
897428,0
897431,0
897980,0
897981,0
899012,0
899251,0
899651,0
900388,0
900389,0
902016,0
931204,0
931238,0
931467,0
931516,0
931652,0
931655,0
938320,0
938321,0
938801,0
938802,0
981042,0
981045,0
1001205,0
1002990,0
1004263,0
1017698,0
1020530,0
1022527,0
1022528,0
1022646,0
1022647,0
1023040,0
1023041,0
1023348,0
1023349,0
1023652,0
1023653,0
1024401,0
1024402,0
1024609,0
1024610,0
1024875,0
1024878,0
1025342,0
1025345,0
1026277,0
1026278,0
1068465,0
1068469,0
1068473,0
1068535,0
1068540,0
1068549,0
1068840,0
1068848,0
1127930,0
1127931,0
1127974,0
1127975,0
1132677,0
1133495,0
1133502,0
1133685,0
1133690,0
1133920,0
1133985,0
1133992,0
1134460,0
1134479,0
1134773,0
1135536,0
1136750,0
1139547,0
1263368,0
1263487,0
1263497,0
1263503,0
1263590,0
1263598,0
1263609,0
1263772,0
1263782,0
1263848,0
1263974,0
1264011,0
1264064,0
1264240,0
1264249,0
1264398,0
1264458,0
1264908,0
1264913,0
1265003,0
1265217,0
1266614,0
1266682,0
1266729,0
1266832,0
1266898,0
1267063,0
1267067,0
1267291,0
1267297,0
1277619,0
1385970,0
1386006,0
1387624,0
1388143,0
1391107,0
1394715,0
1398021,0
1398664,0
1399606,0
1399620,0
1400710,0
1401030,0
1401031,0
1401738,0
1406066,0
1407484,0
1408456,0
1412554,0
1412922,0
1413610,0
1414295,0
1414908,0
1415200,0
1416271,0
1422907,0
1425326,0
1514435,0
1514436,0
1514567,0
1521809,0
1521810,0
1535366,0
1535367,0
1547511,0
1547643,0
1547647,0
1548349,0
1549387,0
1549388,0
1549447,0
1549448,0
1549748,0
1551193,0
1551380,0
1552707,0
1553651,0
1560791,0
1571154,0
1571155,0
1575297,0
1575298,0
1575586,0
1575587,0
1601814,0
1601815,0
1604202,0
1624103,0
1624121,0
1720545,0
1730602,0
1730603,0
1732929,0
1736838,0
1737377,0
1738498,0
1739146,0
1739154,0
1739160,0
1739262,0
1739293,0
1739388,0
1739455,0
1739481,0
1739616,0
1740059,0
1740128,0
1740325,0
1740410,0
1740456,0
1741012,0
1741369,0
1741517,0
1741543,0
1741978,0
1742046,0
1742078,0
1742336,0
1742652,0
1742666,0
1743002,0
1743060,0
1743263,0
1743359,0
1743398,0
1745076,0
1745090,0
1745256,0
1745341,0
1745386,0
1745397,0
1745702,0
1745903,0
1746097,0
1746470,0
1746595,0
1746602,0
1746624,0
1746870,0
1746974,0
1747190,0
1747343,0
1747588,0
1747769,0
1747777,0
1747848,0
1751834,0
1751835,0
1751992,0
1752890,0
1753618,0
1907240,0
1913089,0
1917258,0
1917493,0
1917494,0
1917587,0
1918140,0
1918244,0
1918609,0
1918642,0
1918845,0
1918852,0
1918860,0
1918906,0
1919028,0
1919067,0
1919075,0
1919204,0
1919207,0
1919411,0
1919416,0
1919520,0
1919561,0
1919640,0
1919644,0
1919707,0
1920050,0
1920240,0
1920343,0
1920456,0
1920463,0
1920638,0
1920641,0
1920659,0
1920702,0
1920748,0
1920809,0
1920905,0
1920965,0
1921038,0
1921157,0
1921266,0
1921325,0
1921328,0
1921357,0
1921880,0
2032775,0
2032785,0
2032806,0
2032879,0
2032882,0
2033021,0
2033105,0
2033207,0
2033218,0
2033219,0
2033262,0
2033337,0
2033362,0
2033371,0
2033386,0
2033498,0
2033499,0
2033563,0
2033631,0
2033664,0
2033817,0
2033887,0
2033889,0
2033981,0
2034004,0
2034017,0
2034045,0
2034062,0
2034073,0
2034085,0
2034158,0
2034193,0
2034204,0
2034292,0
2034333,0
2034397,0
2034424,0
2034566,0
2034631,0
2034664,0
2034695,0
2034725,0
2034735,0
2034758,0
2034782,0
2034856,0
2034956,0
2034962,0
2035078,0
2035111,0
2035130,0
2035223,0
2035267,0
2035346,0
2035355,0
2035397,0
2035457,0
2035516,0
2035576,0
2035627,0
2035850,0
2035852,0
2035992,0
2036009,0
2036047,0
2036098,0
2036134,0
2036161,0
2036174,0
2036209,0
2036216,0
2036244,0
2036910,0
2037341,0
2045610,0
2048642,0
2077501,0
2158311,0
2168097,0
2168098,0
2168298,0
2168623,0
2171147,0
2171632,0
2177563,0
2178525,0
2183261,0
2183833,0
2184841,0
2187159,0
2192019,0
2192020,0
2192312,0
2193065,0
2193066,0
2193481,0
2193482,0
2205980,0
2205981,0
2301085,0
2301704,0
2302300,0
2302552,0
2304234,0
2304282,0
2304774,0
2306645,0
2306658,0
2306806,0
2308928,0
2309012,0
2318563,0
2319288,0
2320206,0
2320336,0
2320443,0
2320509,0
2320724,0
2320790,0
2320864,0
2392953,0
2393342,0
2393380,0
2393856,0
2393913,0
2399950,0
2399977,0
2399979,0
2399980,0
2404698,0
2405107,0
2405116,0
2405145,0
2410941,0
2411929,0
2413386,0
2413563,0
2421116,0
2422053,0
2545031,0
2545032,0
2566081,0
2566621,0
2567632,0
2567988,0
2568209,0
2580856,0
2584620,0
2586821,0
2586993,0
2587152,0
2587534,0
2587607,0
2587931,0
2588019,0
2697583,0
2711504,0
2711786,0
2718088,0
2718759,0
2780334,0
2780335,0
2780336,0
2861176,0
2862019,0
2862022,0
2862023,0
2865659,0
2866947,0
2867232,0
2867532,0
2867686,0
2867687,0
2870555,0
2871239,0
2877143,0
2882452,0
2909261,0
2909262,0
2910864,0
2910865,0
2911003,0
2911004,0
2912170,0
2912171,0
2912265,0
2912266,0
2912336,0
2912337,0
2913903,0
2913904,0
3034772,0
3034837,0
3038710,0
3039662,0
3052049,0
3059169,0
3060427,0
3062499,0
3063041,0
3064527,0
3065780,0
3066764,0
3067896,0
3068208,0
3068266,0
3082222,0
3091678,0
3091679,0
3092660,0
3092883,0
3092884,0
3095311,0
3130024,0
3130033,0
3185736,0
3201459,0
3202405,0
3202406,0
3212427,0
3212428,0
3212930,0
3212931,0
3217534,0
3218694,0
3218701,0
3218703,0
3218762,0
3218774,0
3218872,0
3218885,0
3218906,0
3218939,0
3219073,0
3219087,0
3219137,0
3219296,0
3219396,0
3219489,0
3219518,0
3219618,0
3219662,0
3219663,0
3219797,0
3219801,0
3219821,0
3219832,0
3219938,0
3220085,0
3220197,0
3220360,0
3220425,0
3220820,0
3220846,0
3220861,0
3220946,0
3221006,0
3221034,0
3221055,0
3221063,0
3221332,0
3221425,0
3221620,0
3221660,0
3221807,0
3221920,0
3221985,0
3222122,0
3222326,0
3222495,0
3222590,0
3222818,0
3223029,0
3223146,0
3223161,0
3223191,0
3223204,0
3328499,0
3344286,0
3344334,0
3344369,0
3344371,0
3344409,0
3344424,0
3344483,0
3344547,0
3344661,0
3344674,0
3344831,0
3344937,0
3345024,0
3345079,0
3345380,0
3345441,0
3345446,0
3345555,0
3345620,0
3345809,0
3345901,0
3346051,0
3346059,0
3346110,0
3346112,0
3346424,0
3346440,0
3346495,0
3346660,0
3346682,0
3347275,0
3359047,0
3359048,0
3413878,0
3475749,0
3476431,0
3477590,0
3478579,0
3487286,0
3487732,0
3488981,0
3489280,0
3489497,0
3498015,0
3498016,0
3498023,0
3498024,0
3498025,0
3498026,0
3498896,0
3498897,0
3498955,0
3498956,0
3570543,0
3570545,0
88018,1
97474,1
122373,1
134244,1
178460,1
294137,1
295659,1
310351,1
314542,1
317197,1
322679,1
325188,1
327637,1
332265,1
335191,1
352505,1
361904,1
369006,1
467588,1
469889,1
487823,1
494820,1
500648,1
594245,1
614198,1
614631,1
635181,1
636159,1
727319,1
751681,1
845098,1
866053,1
899865,1
902142,1
985039,1
1012905,1
1013635,1
1020522,1
1022468,1
1038658,1
1120572,1
1136391,1
1166227,1
1250879,1
1251857,1
1260170,1
1274460,1
1281258,1
1375053,1
1375574,1
1393643,1
1394122,1
1398766,1
1401987,1
1414341,1
1416194,1
1427668,1
1428407,1
1437536,1
1442645,1
1528148,1
1531560,1
1542599,1
1546459,1
1553770,1
1555895,1
1565110,1
1569112,1
1600837,1
1604798,1
1720123,1
1749951,1
1766685,1
1787831,1
1902478,1
1909418,1
1929010,1
1940213,1
1941609,1
2023294,1
2023826,1
2171557,1
2179127,1
2198434,1
2291232,1
2291574,1
2292453,1
2307433,1
2324123,1
2332522,1
2392313,1
2394054,1
2394297,1
2412514,1
2549279,1
2567043,1
2568172,1
2596158,1
2599240,1
2609103,1
2611158,1
2715190,1
2716478,1
2740074,1
2754674,1
2845033,1
2845251,1
2856396,1
2870354,1
2878058,1
2889963,1
3038651,1
3039313,1
3039658,1
3040175,1
3087871,1
3186359,1
3203152,1
3234019,1
3247292,1
3327595,1
3328840,1
3329201,1
3342723,1
3344199,1
3353954,1
3354925,1
3360579,1
3367144,1
3370033,1
3378693,1
3380039,1
3463523,1
3487664,1
3570642,1
68284,2
71631,2
71653,2
71674,2
71717,2
71718,2
79169,2
82485,2
87379,2
87793,2
93964,2
95243,2
95335,2
96442,2
96678,2
98347,2
101725,2
112367,2
112862,2
113598,2
113666,2
114587,2
114783,2
114800,2
114976,2
115291,2
115758,2
119449,2
119457,2
119585,2
119734,2
120411,2
120692,2
120693,2
120696,2
120701,2
120702,2
121191,2
121405,2
121732,2
121757,2
122135,2
122211,2
122218,2
122297,2
122316,2
122427,2
122614,2
127097,2
127311,2
127612,2
127637,2
128007,2
128081,2
128086,2
128153,2
128173,2
128439,2
129264,2
129362,2
129457,2
129589,2
129773,2
129968,2
129969,2
129972,2
129975,2
129976,2
129977,2
129978,2
129981,2
129982,2
129983,2
129984,2
129985,2
129986,2
129987,2
129989,2
130037,2
130038,2
130039,2
130040,2
130041,2
130042,2
130043,2
130044,2
130045,2
130046,2
130047,2
130048,2
130049,2
130050,2
130051,2
130052,2
130053,2
130054,2
130055,2
130056,2
130057,2
293702,2
293703,2
293704,2
293705,2
293706,2
293707,2
293708,2
293709,2
293710,2
293711,2
293712,2
293713,2
293714,2
293715,2
293716,2
293717,2
293718,2
293719,2
293720,2
293721,2
293722,2
293723,2
293724,2
293725,2
293726,2
293727,2
293728,2
293729,2
293730,2
293731,2
308084,2
308085,2
308086,2
308087,2
308088,2
308093,2
308135,2
308138,2
308139,2
308140,2
308141,2
308150,2
308166,2
308169,2
308170,2
308171,2
308172,2
308175,2
308189,2
308190,2
308191,2
308192,2
308193,2
308194,2
308195,2
308196,2
308199,2
308202,2
308203,2
308204,2
308302,2
308305,2
308306,2
308307,2
308308,2
308318,2
308334,2
308337,2
308338,2
308339,2
308340,2
308343,2
308368,2
308370,2
308371,2
308372,2
308373,2
308374,2
308375,2
308376,2
308377,2
308379,2
308380,2
308381,2
308384,2
308385,2
308386,2
308387,2
308388,2
308389,2
308390,2
308391,2
308392,2
308393,2
308394,2
308395,2
308396,2
308397,2
308398,2
308399,2
308400,2
308401,2
461999,2
462000,2
462001,2
462002,2
462105,2
462108,2
462109,2
462110,2
462111,2
462114,2
462140,2
462141,2
462142,2
462145,2
462147,2
462148,2
462149,2
462150,2
462151,2
462152,2
462153,2
462156,2
462185,2
462186,2
462187,2
462188,2
462189,2
462190,2
462191,2
462192,2
462193,2
462194,2
462195,2
462196,2
462197,2
462198,2
462200,2
462201,2
462203,2
462204,2
462205,2
462206,2
462207,2
462208,2
462209,2
462210,2
462211,2
462212,2
462213,2
462214,2
462215,2
462216,2
462217,2
462218,2
462219,2
462220,2
462221,2
462222,2
592941,2
592975,2
593044,2
593160,2
593199,2
593510,2
593859,2
594002,2
594221,2
594236,2
594506,2
594559,2
594563,2
594613,2
594627,2
594665,2
594701,2
594834,2
595042,2
595046,2
595047,2
595050,2
595056,2
595057,2
595058,2
595059,2
595061,2
595063,2
595064,2
595065,2
595066,2
595067,2
595069,2
595070,2
595071,2
595072,2
595073,2
595074,2
595075,2
595076,2
595077,2
595078,2
595079,2
595080,2
595081,2
595082,2
595083,2
595084,2
595085,2
595086,2
595087,2
595088,2
595089,2
595090,2
595091,2
595092,2
595093,2
595094,2
595095,2
595096,2
595097,2
595098,2
595099,2
595100,2
595101,2
595102,2
595103,2
595104,2
722366,2
722370,2
722379,2
722380,2
722381,2
722382,2
722385,2
722386,2
722387,2
722388,2
722389,2
722390,2
722391,2
722393,2
722394,2
722395,2
722396,2
722397,2
722398,2
722399,2
722400,2
722401,2
722402,2
722403,2
722404,2
722405,2
722406,2
722407,2
722408,2
722409,2
722410,2
722411,2
844208,2
844209,2
844210,2
844211,2
844212,2
844213,2
844214,2
844215,2
844216,2
844217,2
844218,2
844219,2
844220,2
844221,2
844222,2
844223,2
844224,2
844225,2
844226,2
844227,2
844228,2
844229,2
844230,2
844231,2
844232,2
844233,2
844234,2
852573,2
852577,2
852578,2
852579,2
852580,2
852585,2
852601,2
852603,2
852604,2
852605,2
852606,2
852607,2
852608,2
852609,2
852610,2
852611,2
852612,2
852613,2
852614,2
852615,2
852616,2
852617,2
852618,2
852619,2
852620,2
852621,2
852622,2
852623,2
852624,2
852625,2
852626,2
852627,2
852628,2
852629,2
852630,2
852631,2
852632,2
852633,2
852634,2
852635,2
852636,2
852637,2
852638,2
852639,2
852640,2
852641,2
852642,2
852643,2
852644,2
852645,2
852646,2
852647,2
852648,2
852649,2
984719,2
984720,2
984721,2
984722,2
984723,2
984724,2
984725,2
984726,2
984727,2
984728,2
984729,2
984730,2
984731,2
984732,2
984733,2
984734,2
984735,2
984736,2
989717,2
989718,2
989723,2
989724,2
989729,2
989738,2
989740,2
989742,2
989745,2
989747,2
989749,2
989750,2
989751,2
989752,2
989753,2
989754,2
989756,2
989757,2
989758,2
989759,2
989760,2
989761,2
989762,2
989763,2
989764,2
989765,2
989766,2
989767,2
989768,2
989769,2
989770,2
989771,2
989772,2
989773,2
989774,2
989775,2
989776,2
989777,2
989778,2
989779,2
989780,2
989781,2
989782,2
989783,2
989784,2
1119644,2
1119645,2
1119646,2
1119647,2
1119648,2
1119649,2
1119650,2
1119651,2
1119652,2
1119653,2
1119654,2
1119655,2
1119656,2
1119657,2
1119658,2
1124638,2
1124639,2
1124642,2
1124643,2
1124644,2
1124647,2
1124648,2
1124649,2
1124650,2
1124652,2
1124653,2
1124654,2
1124655,2
1124656,2
1124657,2
1124658,2
1124660,2
1124685,2
1124686,2
1124687,2
1124688,2
1124689,2
1124690,2
1124691,2
1124692,2
1124693,2
1124694,2
1124695,2
1124696,2
1124697,2
1124698,2
1124699,2
1124700,2
1124702,2
1124703,2
1124704,2
1124705,2
1124706,2
1124707,2
1124708,2
1124709,2
1124710,2
1124711,2
1124712,2
1124713,2
1124714,2
1124715,2
1250533,2
1250534,2
1250535,2
1250536,2
1250537,2
1250538,2
1250539,2
1250540,2
1250541,2
1250542,2
1250543,2
1250544,2
1250545,2
1250546,2
1250547,2
1250548,2
1250549,2
1250550,2
1250551,2
1250552,2
1250553,2
1250554,2
1257669,2
1257671,2
1257672,2
1257673,2
1257674,2
1257677,2
1257679,2
1257680,2
1257681,2
1257682,2
1257696,2
1257697,2
1257698,2
1257699,2
1257700,2
1257701,2
1257702,2
1257703,2
1257704,2
1257705,2
1257706,2
1257707,2
1257708,2
1257709,2
1257710,2
1257711,2
1257712,2
1257713,2
1257714,2
1257715,2
1374057,2
1374058,2
1374059,2
1374060,2
1374061,2
1374062,2
1374063,2
1374064,2
1374065,2
1374066,2
1374067,2
1374068,2
1374069,2
1374070,2
1374071,2
1374072,2
1374073,2
1374074,2
1374075,2
1374076,2
1374077,2
1374078,2
1374079,2
1374080,2
1374081,2
1374082,2
1384662,2
1384663,2
1384668,2
1384669,2
1384674,2
1384684,2
1384696,2
1384697,2
1384698,2
1384699,2
1384700,2
1384705,2
1384706,2
1384707,2
1384708,2
1384709,2
1384710,2
1384711,2
1384712,2
1384713,2
1384714,2
1384715,2
1384716,2
1384718,2
1384790,2
1384791,2
1384792,2
1384793,2
1384794,2
1384795,2
1384796,2
1384797,2
1384798,2
1384799,2
1384800,2
1384801,2
1384802,2
1384803,2
1384804,2
1384805,2
1384806,2
1384807,2
1384808,2
1384809,2
1384810,2
1384811,2
1384812,2
1384813,2
1384814,2
1384815,2
1384816,2
1384817,2
1384818,2
1384819,2
1384820,2
1384821,2
1384822,2
1384823,2
1384824,2
1384825,2
1384826,2
1384827,2
1384828,2
1384829,2
1384830,2
1384831,2
1384832,2
1384833,2
1384834,2
1384835,2
1384836,2
1521376,2
1521418,2
1521421,2
1521426,2
1521427,2
1521428,2
1521435,2
1521444,2
1521450,2
1521451,2
1521452,2
1521453,2
1521459,2
1521460,2
1521461,2
1521463,2
1521464,2
1521466,2
1521467,2
1521468,2
1521469,2
1521470,2
1521471,2
1521472,2
1521475,2
1521503,2
1521504,2
1521505,2
1521506,2
1521507,2
1521508,2
1521509,2
1521510,2
1521511,2
1521512,2
1521513,2
1521514,2
1521516,2
1521517,2
1521518,2
1521519,2
1521520,2
1521521,2
1521522,2
1521523,2
1521524,2
1521525,2
1521526,2
1521527,2
1521528,2
1521529,2
1521530,2
1521531,2
1521532,2
1521533,2
1521534,2
1521535,2
1521536,2
1521537,2
1521538,2
1521539,2
1521540,2
1521541,2
1521542,2
1521543,2
1521544,2
1521545,2
1521546,2
1521547,2
1521548,2
1521549,2
1521550,2
1714194,2
1714197,2
1714202,2
1714203,2
1714204,2
1714206,2
1714207,2
1714208,2
1714209,2
1714210,2
1714212,2
1714215,2
1714269,2
1714270,2
1714271,2
1714272,2
1714273,2
1714274,2
1714275,2
1714278,2
1714279,2
1714280,2
1714281,2
1714283,2
1714284,2
1714285,2
1714286,2
1714287,2
1714288,2
1714289,2
1714290,2
1895632,2
1895637,2
1895638,2
1895648,2
1895650,2
1895651,2
1895652,2
1895653,2
1895655,2
1895656,2
1895657,2
1895658,2
1895660,2
1895661,2
1895662,2
1895663,2
1895664,2
1895665,2
1895666,2
1895667,2
1895668,2
1895669,2
1895670,2
1895671,2
1895672,2
1895673,2
1895674,2
1895675,2
1895676,2
1895677,2
1895678,2
1895679,2
1895680,2
1895681,2
1895682,2
1895683,2
1895684,2
1895685,2
1895686,2
1895687,2
1895688,2
1895689,2
1895690,2
1895691,2
1895692,2
1895693,2
1895694,2
1895695,2
1895696,2
1895697,2
2023211,2
2023212,2
2023213,2
2023214,2
2023215,2
2023216,2
2023217,2
2023218,2
2023219,2
2023220,2
2023221,2
2023222,2
2023223,2
2023224,2
2023225,2
2023226,2
2023227,2
2023228,2
2023229,2
2023230,2
2023231,2
2027555,2
2027567,2
2027568,2
2027569,2
2027570,2
2027571,2
2027572,2
2027573,2
2027575,2
2027576,2
2027577,2
2027578,2
2027582,2
2027583,2
2027584,2
2027585,2
2027586,2
2027587,2
2027588,2
2027589,2
2027590,2
2027591,2
2027592,2
2027593,2
2027594,2
2027595,2
2027596,2
2027597,2
2027598,2
2027599,2
2027600,2
2027601,2
2027602,2
2027603,2
2027604,2
2027605,2
2027606,2
2027607,2
2027608,2
2027609,2
2157999,2
2158000,2
2158001,2
2158002,2
2158003,2
2158004,2
2158005,2
2158006,2
2158007,2
2158008,2
2158009,2
2158010,2
2158011,2
2158012,2
2158013,2
2158014,2
2158015,2
2158016,2
2158017,2
2158018,2
2158019,2
2158020,2
2158021,2
2158022,2
2158023,2
2158024,2
2158025,2
2166677,2
2166678,2
2166679,2
2166680,2
2166682,2
2166683,2
2166685,2
2166686,2
2166690,2
2166692,2
2166693,2
2166694,2
2166695,2
2166697,2
2166698,2
2166699,2
2166700,2
2166701,2
2166702,2
2166703,2
2166704,2
2166705,2
2166706,2
2166707,2
2166708,2
2166709,2
2166710,2
2166711,2
2166712,2
2166713,2
2166714,2
2166715,2
2166716,2
2166717,2
2166718,2
2166719,2
2166720,2
2291032,2
2291033,2
2291034,2
2291035,2
2291036,2
2291037,2
2291038,2
2291039,2
2291040,2
2291041,2
2291042,2
2291043,2
2291044,2
2291045,2
2291046,2
2291047,2
2291048,2
2291049,2
2291050,2
2291051,2
2291052,2
2291053,2
2291054,2
2291055,2
2291056,2
2291057,2
2291058,2
2291059,2
2291060,2
2291061,2
2300107,2
2300108,2
2300109,2
2300110,2
2300111,2
2300112,2
2300113,2
2300114,2
2300115,2
2300116,2
2300117,2
2300118,2
2300119,2
2300120,2
2300121,2
2300122,2
2300123,2
2300124,2
2300125,2
2300126,2
2300127,2
2300128,2
2300129,2
2300130,2
2300131,2
2300132,2
2300133,2
2300134,2
2300135,2
2300136,2
2300137,2
2300138,2
2300139,2
2300140,2
2300141,2
2300142,2
2300143,2
2300144,2
2300145,2
2300146,2
2300147,2
2300148,2
2300149,2
2300150,2
2300151,2
2300152,2
2300153,2
2392015,2
2392016,2
2392017,2
2392018,2
2392019,2
2392020,2
2392021,2
2392022,2
2392023,2
2392024,2
2392025,2
2392026,2
2392027,2
2392028,2
2392029,2
2392030,2
2392031,2
2392032,2
2392033,2
2392034,2
2392035,2
2392036,2
2392037,2
2392038,2
2399824,2
2399839,2
2399840,2
2399841,2
2399842,2
2399843,2
2399844,2
2399845,2
2399846,2
2399855,2
2399856,2
2399859,2
2399860,2
2399862,2
2399863,2
2399864,2
2399865,2
2399866,2
2399867,2
2399868,2
2399870,2
2399889,2
2399890,2
2399891,2
2399892,2
2399894,2
2399895,2
2399896,2
2399897,2
2399898,2
2399899,2
2399900,2
2399901,2
2399902,2
2399903,2
2399904,2
2399905,2
2399906,2
2399907,2
2399908,2
2399909,2
2399910,2
2399911,2
2399912,2
2399913,2
2399914,2
2399915,2
2399916,2
2399917,2
2399918,2
2548912,2
2548913,2
2548914,2
2548915,2
2548916,2
2548917,2
2548918,2
2548919,2
2548920,2
2548921,2
2548922,2
2548923,2
2548924,2
2548925,2
2548926,2
2548927,2
2548928,2
2548929,2
2548930,2
2556185,2
2556186,2
2556187,2
2556188,2
2556189,2
2556190,2
2556191,2
2556192,2
2556203,2
2556206,2
2556207,2
2556209,2
2556210,2
2556211,2
2556213,2
2556214,2
2556215,2
2556216,2
2556217,2
2556218,2
2556219,2
2556221,2
2556222,2
2556223,2
2556224,2
2556225,2
2556226,2
2556227,2
2556228,2
2556229,2
2556230,2
2556231,2
2556232,2
2556233,2
2556234,2
2556235,2
2556236,2
2556237,2
2556238,2
2556239,2
2556240,2
2556241,2
2556242,2
2556243,2
2556244,2
2556245,2
2556246,2
2556247,2
2556248,2
2556249,2
2556250,2
2696895,2
2696896,2
2696897,2
2696898,2
2696899,2
2696900,2
2696901,2
2696902,2
2696903,2
2696904,2
2696905,2
2696906,2
2696907,2
2696908,2
2696909,2
2696910,2
2696911,2
2696912,2
2696913,2
2696914,2
2704306,2
2704309,2
2704334,2
2704335,2
2704355,2
2704357,2
2704359,2
2704360,2
2704362,2
2704363,2
2704364,2
2704365,2
2704366,2
2704367,2
2704368,2
2704370,2
2704371,2
2704372,2
2704373,2
2704374,2
2704375,2
2704376,2
2704377,2
2704378,2
2704379,2
2704380,2
2704381,2
2704382,2
2704383,2
2704384,2
2704385,2
2704386,2
2704387,2
2704388,2
2704389,2
2704390,2
2704391,2
2704392,2
2704393,2
2704394,2
2704395,2
2704396,2
2704397,2
2704398,2
2704399,2
2704400,2
2704401,2
2704402,2
2704403,2
2704404,2
2704405,2
2704406,2
2844198,2
2844199,2
2844200,2
2844201,2
2844202,2
2844203,2
2844204,2
2844205,2
2844206,2
2844207,2
2844208,2
2844209,2
2844210,2
2844211,2
2844212,2
2844213,2
2844214,2
2844215,2
2844216,2
2844217,2
2849441,2
2849442,2
2849467,2
2849472,2
2849473,2
2849475,2
2849478,2
2849480,2
2849481,2
2849485,2
2849486,2
2849487,2
2849489,2
2849490,2
2849491,2
2849493,2
2849494,2
2849523,2
2849524,2
2849525,2
2849526,2
2849527,2
2849528,2
2849529,2
2849530,2
2849531,2
2849533,2
2849534,2
2849535,2
2849536,2
2849537,2
2849538,2
2849539,2
2849540,2
2849541,2
2849542,2
3038246,2
3038247,2
3038248,2
3038249,2
3038250,2
3038251,2
3038252,2
3038253,2
3038254,2
3038255,2
3038256,2
3038257,2
3038258,2
3038259,2
3038260,2
3038261,2
3038262,2
3038263,2
3038264,2
3038265,2
3038266,2
3038267,2
3038268,2
3038269,2
3038270,2
3038271,2
3038272,2
3038273,2
3038274,2
3038275,2
3038276,2
3038277,2
3038278,2
3050953,2
3050954,2
3050955,2
3050956,2
3050957,2
3050958,2
3050959,2
3050960,2
3050962,2
3050963,2
3050964,2
3050965,2
3050966,2
3050967,2
3050968,2
3050969,2
3050970,2
3050971,2
3050972,2
3050973,2
3050974,2
3050975,2
3050976,2
3050977,2
3050978,2
3050979,2
3050980,2
3050981,2
3050982,2
3050983,2
3050984,2
3050985,2
3183290,2
3183291,2
3183292,2
3183293,2
3183294,2
3183295,2
3183296,2
3183297,2
3183298,2
3183299,2
3183300,2
3192724,2
3192725,2
3192726,2
3192727,2
3192728,2
3192729,2
3192730,2
3192731,2
3192732,2
3192733,2
3192734,2
3192735,2
3192736,2
3192737,2
3192738,2
3192739,2
3192740,2
3192741,2
3192742,2
3192743,2
3199226,2
3199247,2
3199248,2
3199249,2
3199250,2
3199251,2
3199252,2
3199253,2
3199254,2
3199255,2
3199257,2
3199258,2
3199259,2
3199263,2
3199264,2
3199265,2
3199266,2
3199267,2
3199268,2
3199269,2
3199270,2
3199271,2
3199272,2
3199273,2
3199274,2
3199275,2
3199276,2
3199277,2
3199278,2
3199279,2
3199280,2
3199281,2
3199282,2
3199283,2
3199284,2
3199285,2
3199286,2
3199287,2
3199288,2
3199289,2
3199290,2
3199291,2
3199292,2
3327433,2
3327434,2
3327435,2
3327436,2
3327437,2
3327438,2
3327439,2
3327440,2
3327441,2
3327442,2
3327443,2
3327444,2
3327445,2
3327446,2
3327447,2
3327448,2
3327449,2
3327450,2
3327451,2
3327452,2
3327453,2
3327454,2
3327455,2
3337495,2
3337497,2
3337498,2
3337501,2
3337503,2
3337504,2
3337507,2
3337508,2
3337509,2
3337510,2
3337511,2
3337512,2
3337513,2
3337514,2
3337515,2
3337516,2
3337517,2
3337518,2
3337519,2
3337520,2
3337521,2
3337522,2
3337523,2
3337524,2
3337525,2
3337526,2
3337527,2
3337528,2
3337529,2
3337530,2
3337531,2
3337532,2
3337533,2
3337534,2
3337535,2
3337536,2
3337537,2
3337538,2
3337539,2
3337540,2
3337541,2
3337542,2
3337543,2
3337544,2
3337545,2
3337546,2
3337547,2
3337548,2
3462915,2
3462916,2
3462917,2
3462918,2
3462919,2
3462920,2
3462921,2
3462922,2
3462923,2
3462924,2
3462925,2
3462926,2
3462927,2
3462928,2
3462929,2
3462930,2
3469268,2
3469271,2
3469272,2
3469274,2
3469275,2
3469276,2
3469277,2
3469278,2
3469279,2
3469280,2
3469281,2
3469284,2
3469285,2
3469286,2
3469287,2
3469288,2
3469289,2
3469290,2
3469291,2
3469292,2
3469293,2
3469294,2
3469295,2
3469296,2
3469297,2
3469298,2
3469299,2
3469300,2
3469301,2
3469302,2
3469303,2
3469304,2
3469305,2
3469306,2
3539036,2
3569904,2
3569905,2
3569906,2
3569907,2
3569908,2
3569909,2
3569910,2
3569911,2
3569912,2
3569913,2
3569914,2
3569915,2
3569916,2
3569917,2
3569918,2
3569919,2
3569920,2
3569921,2
3569922,2
3569923,2
3569924,2
3569925,2
3569926,2
3569927,2
3569928,2
3569929,2
3569930,2
3569931,2
3569932,2
21758,3
21833,3
36186,3
52353,3
52776,3
71756,3
72098,3
72414,3
78488,3
80499,3
84382,3
105080,3
108173,3
108262,3
110917,3
112272,3
112574,3
116370,3
116435,3
117924,3
118037,3
118094,3
119364,3
119523,3
119576,3
120762,3
120805,3
120809,3
121140,3
121279,3
121521,3
123783,3
123831,3
125580,3
125596,3
126667,3
126684,3
127049,3
127189,3
127420,3
128759,3
128779,3
129091,3
129539,3
201323,3
201424,3
201509,3
201573,3
201580,3
201602,3
201628,3
202030,3
202159,3
202279,3
202371,3
202376,3
202462,3
202539,3
202578,3
202659,3
202734,3
202809,3
202916,3
202989,3
203063,3
203127,3
203146,3
203168,3
203190,3
203250,3
203304,3
203355,3
203397,3
203874,3
204755,3
205612,3
206541,3
206564,3
206760,3
207048,3
207296,3
207458,3
208565,3
209189,3
209632,3
210080,3
211224,3
211225,3
214700,3
214919,3
215066,3
216466,3
216612,3
220970,3
226130,3
296150,3
296188,3
296229,3
296255,3
296290,3
296325,3
296365,3
296553,3
296605,3
296655,3
296711,3
296756,3
296796,3
296827,3
296860,3
296890,3
296922,3
296956,3
297223,3
297316,3
297370,3
297438,3
297481,3
297510,3
297546,3
306045,3
306090,3
306154,3
306200,3
370139,3
370160,3
370172,3
370183,3
370194,3
370203,3
370266,3
370392,3
370838,3
371367,3
371937,3
372283,3
373851,3
373902,3
373936,3
373984,3
374189,3
374203,3
374223,3
374250,3
374271,3
374297,3
374464,3
374487,3
374755,3
374950,3
375080,3
375367,3
376240,3
376257,3
376270,3
376378,3
376720,3
378626,3
378712,3
378728,3
379034,3
379080,3
386477,3
386611,3
387006,3
387217,3
387290,3
390486,3
390522,3
390555,3
390580,3
390609,3
390639,3
390795,3
390925,3
391000,3
391136,3
391244,3
391292,3
391791,3
391820,3
391853,3
391877,3
395319,3
395320,3
395321,3
395322,3
395323,3
395324,3
510826,3
512013,3
512514,3
515669,3
515670,3
516909,3
522109,3
522335,3
522785,3
523171,3
523635,3
525100,3
525399,3
525470,3
525775,3
526215,3
526282,3
526377,3
526508,3
531679,3
533154,3
533155,3
533839,3
533907,3
533983,3
534086,3
534223,3
534240,3
591113,3
592361,3
593385,3
594091,3
594526,3
655472,3
655534,3
655601,3
655638,3
655726,3
655760,3
655809,3
657986,3
659619,3
659781,3
660313,3
660586,3
661088,3
661250,3
661986,3
662960,3
663148,3
663300,3
663669,3
663841,3
664575,3
665190,3
666336,3
666771,3
667061,3
667246,3
667304,3
667494,3
667775,3
668582,3
668617,3
668673,3
669476,3
670165,3
671432,3
671978,3
673668,3
673796,3
673877,3
673910,3
674151,3
674214,3
674280,3
676959,3
676960,3
676961,3
676962,3
676963,3
676964,3
676965,3
676966,3
724293,3
724296,3
724300,3
724301,3
724309,3
724463,3
724727,3
724728,3
725023,3
725024,3
725185,3
725186,3
725187,3
725394,3
725396,3
725398,3
725607,3
725611,3
725612,3
725614,3
725922,3
725930,3
725931,3
726259,3
726260,3
726574,3
726718,3
726729,3
726948,3
727045,3
727072,3
727132,3
727172,3
727229,3
727289,3
727300,3
727304,3
727474,3
727590,3
727838,3
727871,3
728043,3
728049,3
728052,3
728074,3
728090,3
728190,3
728664,3
728947,3
728977,3
763666,3
764534,3
765244,3
766261,3
767178,3
767474,3
767627,3
767807,3
776539,3
777221,3
778652,3
778940,3
780274,3
780462,3
780571,3
780623,3
781646,3
782662,3
783689,3
784475,3
786283,3
786603,3
786725,3
786795,3
787994,3
789079,3
789478,3
790863,3
791169,3
791179,3
791251,3
791271,3
791297,3
796468,3
796828,3
796972,3
797015,3
800026,3
800477,3
800478,3
800479,3
800480,3
800481,3
800482,3
800483,3
800484,3
802863,3
842276,3
844125,3
844126,3
845462,3
845525,3
845584,3
845678,3
845720,3
845801,3
846142,3
846210,3
846274,3
846341,3
846407,3
846463,3
846588,3
846645,3
846697,3
846866,3
847042,3
847321,3
847518,3
847556,3
847601,3
847635,3
847647,3
847978,3
848015,3
848565,3
848566,3
848567,3
848568,3
848569,3
848570,3
902277,3
903045,3
903427,3
903630,3
904684,3
905467,3
905593,3
905703,3
905923,3
906033,3
906107,3
906208,3
906304,3
906839,3
907401,3
908175,3
908612,3
909964,3
910158,3
910249,3
910354,3
912425,3
914269,3
914398,3
914483,3
914585,3
914800,3
914859,3
914920,3
914970,3
915313,3
915598,3
915928,3
915951,3
916066,3
916210,3
916310,3
916328,3
916492,3
916534,3
916577,3
916919,3
917029,3
917101,3
917191,3
917284,3
917347,3
917413,3
917488,3
917724,3
918206,3
918702,3
919003,3
919043,3
919179,3
919202,3
919420,3
919671,3
920356,3
920456,3
920556,3
920643,3
920954,3
921017,3
921071,3
921120,3
921364,3
921904,3
922508,3
922775,3
922879,3
924327,3
924477,3
924597,3
924701,3
925319,3
928234,3
928235,3
928236,3
928237,3
928238,3
985787,3
985840,3
985889,3
985936,3
985975,3
986211,3
986229,3
986271,3
986313,3
986334,3
986388,3
986423,3
986474,3
986518,3
986543,3
986593,3
986622,3
986662,3
986701,3
986720,3
986776,3
986823,3
986918,3
986995,3
987023,3
987120,3
993102,3
994938,3
1041120,3
1041121,3
1042006,3
1049989,3
1051317,3
1051799,3
1052041,3
1053586,3
1053737,3
1053810,3
1053888,3
1054364,3
1054618,3
1054910,3
1055145,3
1055577,3
1055739,3
1055800,3
1055891,3
1055974,3
1056045,3
1056100,3
1056163,3
1060934,3
1061715,3
1062624,3
1119516,3
1121213,3
1121261,3
1121305,3
1121315,3
1121363,3
1121405,3
1121431,3
1121467,3
1121497,3
1121519,3
1121556,3
1121582,3
1170590,3
1171153,3
1172841,3
1173899,3
1174128,3
1174230,3
1174460,3
1174634,3
1174706,3
1174804,3
1174858,3
1175725,3
1176002,3
1176552,3
1177557,3
1177689,3
1177793,3
1177899,3
1178253,3
1178357,3
1178445,3
1178482,3
1178917,3
1179302,3
1179719,3
1180738,3
1180907,3
1181005,3
1181073,3
1181415,3
1181514,3
1181606,3
1181629,3
1182069,3
1182329,3
1182920,3
1183076,3
1183191,3
1183287,3
1183384,3
1183456,3
1183820,3
1184030,3
1184106,3
1184211,3
1184353,3
1184408,3
1184467,3
1184499,3
1185121,3
1185482,3
1185818,3
1185932,3
1186245,3
1186346,3
1186361,3
1186534,3
1186914,3
1187104,3
1187209,3
1187268,3
1187632,3
1187740,3
1187800,3
1187813,3
1251990,3
1252061,3
1252165,3
1252375,3
1252442,3
1252510,3
1252568,3
1252617,3
1252676,3
1252751,3
1252823,3
1252894,3
1253144,3
1253177,3
1253235,3
1253260,3
1253286,3
1253329,3
1253355,3
1253407,3
1253450,3
1254502,3
1254503,3
1254504,3
1298775,3
1299030,3
1299401,3
1301375,3
1302756,3
1304456,3
1304754,3
1305037,3
1305816,3
1305924,3
1306002,3
1306038,3
1312637,3
1313944,3
1314951,3
1315160,3
1315469,3
1315939,3
1315996,3
1316060,3
1316089,3
1328714,3
1328716,3
1376344,3
1376415,3
1376523,3
1376730,3
1376787,3
1376870,3
1376954,3
1377028,3
1377102,3
1377145,3
1377195,3
1377211,3
1377255,3
1377312,3
1377907,3
1377974,3
1378053,3
1378097,3
1378136,3
1378174,3
1378190,3
1378226,3
1378285,3
1379758,3
1379760,3
1379762,3
1379763,3
1379765,3
1379766,3
1446395,3
1446593,3
1446860,3
1448897,3
1448991,3
1449222,3
1450719,3
1450720,3
1451727,3
1453679,3
1453773,3
1454004,3
1456768,3
1456882,3
1457073,3
1457407,3
1457527,3
1458315,3
1458611,3
1458823,3
1458911,3
1458949,3
1458977,3
1459037,3
1459588,3
1459602,3
1459610,3
1459620,3
1459770,3
1459934,3
1460015,3
1460167,3
1460278,3
1460292,3
1460411,3
1460550,3
1460566,3
1460689,3
1461594,3
1461624,3
1461638,3
1461653,3
1605141,3
1605222,3
1605323,3
1605434,3
1605542,3
1605659,3
1605773,3
1605832,3
1605894,3
1605938,3
1605983,3
1606020,3
1606054,3
1606092,3
1606131,3
1606162,3
1606202,3
1607390,3
1607488,3
1607587,3
1607720,3
1607843,3
1607870,3
1608042,3
1608111,3
1608169,3
1608223,3
1608272,3
1608324,3
1608328,3
1608392,3
1608434,3
1608472,3
1608508,3
1609111,3
1609112,3
1609270,3
1609346,3
1609397,3
1609427,3
1609487,3
1610165,3
1610310,3
1610443,3
1610575,3
1610729,3
1610770,3
1610790,3
1610828,3
1610833,3
1610961,3
1611035,3
1611043,3
1611125,3
1611228,3
1611294,3
1611354,3
1611400,3
1611445,3
1611456,3
1611561,3
1611603,3
1611634,3
1611659,3
1611730,3
1611831,3
1611945,3
1612077,3
1612189,3
1612229,3
1612499,3
1612570,3
1612633,3
1612694,3
1612745,3
1612795,3
1612903,3
1612940,3
1612975,3
1613010,3
1800076,3
1800107,3
1800125,3
1800178,3
1800182,3
1801336,3
1801340,3
1801345,3
1801498,3
1801557,3
1802072,3
1802211,3
1802363,3
1802431,3
1802729,3
1802875,3
1802960,3
1803027,3
1803047,3
1908389,3
1914264,3
1914464,3
1915827,3
1928703,3
1928704,3
1928862,3
1928863,3
1928864,3
1928865,3
1929086,3
1929090,3
1929166,3
1929265,3
1929862,3
1929915,3
1930582,3
1930753,3
1938278,3
1940134,3
1945905,3
1946448,3
1946449,3
1947579,3
1947603,3
1947936,3
1948034,3
1948249,3
1948354,3
1948777,3
1954145,3
1954146,3
1954707,3
1954779,3
1954948,3
1955236,3
1955267,3
1956740,3
1957247,3
1957674,3
1958009,3
1958110,3
1958362,3
1958768,3
1959013,3
1959436,3
1959631,3
1959790,3
1959865,3
1959936,3
1960789,3
1960790,3
1960843,3
1961497,3
1962198,3
1962203,3
1962459,3
1963538,3
1964133,3
1964274,3
1964351,3
1964414,3
1964620,3
1964688,3
1964764,3
1964815,3
1968496,3
1968497,3
1968499,3
1968501,3
2024918,3
2024962,3
2025008,3
2025060,3
2025110,3
2025173,3
2025229,3
2025307,3
2034075,3
2036614,3
2080318,3
2080810,3
2080967,3
2082281,3
2082821,3
2082950,3
2083063,3
2083202,3
2083335,3
2083423,3
2083479,3
2083527,3
2083876,3
2084541,3
2085464,3
2086694,3
2086860,3
2086985,3
2087053,3
2087272,3
2087351,3
2087425,3
2087446,3
2088101,3
2088731,3
2089282,3
2090379,3
2090562,3
2090683,3
2090735,3
2090958,3
2091058,3
2091148,3
2091164,3
2091656,3
2092291,3
2093118,3
2094068,3
2094258,3
2094370,3
2094450,3
2094588,3
2094658,3
2094727,3
2094756,3
2098008,3
2098133,3
2098211,3
2098239,3
2098424,3
2098485,3
2098551,3
2098558,3
2104838,3
2104839,3
2104840,3
2160526,3
2160592,3
2160638,3
2160675,3
2160705,3
2160753,3
2160818,3
2161108,3
2161186,3
2161253,3
2161354,3
2161433,3
2161497,3
2161514,3
2161591,3
2161645,3
2161706,3
2161781,3
2161838,3
2161895,3
2161918,3
2161970,3
2162014,3
2162063,3
2162107,3
2162153,3
2162190,3
2162196,3
2162239,3
2162284,3
2162325,3
2168966,3
2171535,3
2188232,3
2203912,3
2203913,3
2207627,3
2207740,3
2211844,3
2211845,3
2212321,3
2213194,3
2213217,3
2213670,3
2216217,3
2217764,3
2218705,3
2218706,3
2218990,3
2219493,3
2219837,3
2220970,3
2221143,3
2221339,3
2221546,3
2221898,3
2222021,3
2222121,3
2222217,3
2222273,3
2223181,3
2223854,3
2225114,3
2225115,3
2225331,3
2225751,3
2225834,3
2226886,3
2226891,3
2227022,3
2227033,3
2227038,3
2227562,3
2227705,3
2227806,3
2227905,3
2227955,3
2233530,3
2234089,3
2234548,3
2234853,3
2235829,3
2235925,3
2235997,3
2236054,3
2236077,3
2238435,3
2238484,3
2238681,3
2239044,3
2239505,3
2293424,3
2293494,3
2293556,3
2293604,3
2293656,3
2293752,3
2293802,3
2293824,3
2293894,3
2293975,3
2294058,3
2294135,3
2294210,3
2294817,3
2294863,3
2294903,3
2294937,3
2294958,3
2295011,3
2295038,3
2295046,3
2336115,3
2336409,3
2336641,3
2336852,3
2337450,3
2337559,3
2337646,3
2337693,3
2338549,3
2338854,3
2339057,3
2339351,3
2340293,3
2340429,3
2340540,3
2340575,3
2340763,3
2340848,3
2340921,3
2340931,3
2341349,3
2341701,3
2341850,3
2342123,3
2342937,3
2343014,3
2343073,3
2343109,3
2343559,3
2343762,3
2343923,3
2344047,3
2344748,3
2344839,3
2344907,3
2344935,3
2345035,3
2345102,3
2345166,3
2345176,3
2345707,3
2346096,3
2346378,3
2346542,3
2347698,3
2347887,3
2348024,3
2348070,3
2348336,3
2348485,3
2348605,3
2348614,3
2394669,3
2394741,3
2394814,3
2395025,3
2395089,3
2395140,3
2395211,3
2395270,3
2395291,3
2395531,3
2395582,3
2395611,3
2395654,3
2395704,3
2395743,3
2395794,3
2395835,3
2395849,3
2396275,3
2396394,3
2396420,3
2462555,3
2462657,3
2462840,3
2463090,3
2463431,3
2463848,3
2463984,3
2464126,3
2464312,3
2464434,3
2464502,3
2464567,3
2464627,3
2464827,3
2464944,3
2465127,3
2465438,3
2465542,3
2466195,3
2466319,3
2466437,3
2466559,3
2466882,3
2466973,3
2467055,3
2467096,3
2467649,3
2467853,3
2468023,3
2468285,3
2468412,3
2469637,3
2469786,3
2469918,3
2470062,3
2473422,3
2473564,3
2473784,3
2473975,3
2474025,3
2474726,3
2474903,3
2474982,3
2475052,3
2475525,3
2475702,3
2475886,3
2476191,3
2476274,3
2476303,3
2476443,3
2476658,3
2476964,3
2478369,3
2478499,3
2478612,3
2478647,3
2551318,3
2551413,3
2551454,3
2551499,3
2551538,3
2551579,3
2551644,3
2551707,3
2551755,3
2551882,3
2551955,3
2552028,3
2552078,3
2552168,3
2552449,3
2552493,3
2552532,3
2552564,3
2552619,3
2552679,3
2552767,3
2552846,3
2552911,3
2553020,3
2615779,3
2615893,3
2615994,3
2616054,3
2616190,3
2616271,3
2616355,3
2616404,3
2618343,3
2618458,3
2618589,3
2618645,3
2618805,3
2618894,3
2618976,3
2619018,3
2619725,3
2620127,3
2620464,3
2621099,3
2621154,3
2621232,3
2621235,3
2621392,3
2621512,3
2621670,3
2621774,3
2621827,3
2621888,3
2622300,3
2622528,3
2622942,3
2623305,3
2623317,3
2623319,3
2623549,3
2623738,3
2623937,3
2624063,3
2624234,3
2624459,3
2624531,3
2624568,3
2624728,3
2624785,3
2624843,3
2624876,3
2637373,3
2637374,3
2637375,3
2637376,3
2637377,3
2637378,3
2637379,3
2637380,3
2637381,3
2637382,3
2637383,3
2637384,3
2699068,3
2699145,3
2699221,3
2699239,3
2699324,3
2699393,3
2699457,3
2699529,3
2699582,3
2699602,3
2699673,3
2699728,3
2699784,3
2699822,3
2699853,3
2699871,3
2699910,3
2699955,3
2699978,3
2700022,3
2700065,3
2700074,3
2700122,3
2700158,3
2756587,3
2757098,3
2757399,3
2757404,3
2757405,3
2757572,3
2758144,3
2758191,3
2758699,3
2758789,3
2758873,3
2758993,3
2767003,3
2767311,3
2767582,3
2767915,3
2768036,3
2768145,3
2768258,3
2768275,3
2768355,3
2768524,3
2768605,3
2768704,3
2768788,3
2768863,3
2768932,3
2768985,3
2769032,3
2769088,3
2769210,3
2769460,3
2769786,3
2770165,3
2770201,3
2770255,3
2770263,3
2770798,3
2770801,3
2770952,3
2781471,3
2781472,3
2781473,3
2781474,3
2781475,3
2781476,3
2781477,3
2781478,3
2845267,3
2845330,3
2845392,3
2845474,3
2846220,3
2846228,3
2846286,3
2846336,3
2846378,3
2846432,3
2847137,3
2847138,3
2847139,3
2847140,3
2931525,3
2931592,3
2931597,3
2932466,3
2932625,3
2932630,3
2932715,3
2932770,3
2932918,3
2933056,3
2933216,3
2933450,3
2933567,3
2933665,3
2933759,3
2933768,3
2933828,3
2933861,3
2933931,3
2934059,3
2934172,3
2934342,3
2934522,3
2934619,3
2934693,3
2934798,3
2935890,3
2936222,3
2936732,3
2936760,3
2936810,3
2943632,3
2943633,3
2943634,3
2943635,3
3042144,3
3042221,3
3042291,3
3042360,3
3042395,3
3042460,3
3042532,3
3042601,3
3042620,3
3042684,3
3042737,3
3042789,3
3042833,3
3042859,3
3042900,3
3042943,3
3042984,3
3042998,3
3096228,3
3096947,3
3097555,3
3098472,3
3098821,3
3098911,3
3098995,3
3099143,3
3099772,3
3101160,3
3101425,3
3102552,3
3103353,3
3103441,3
3103524,3
3103632,3
3104148,3
3104880,3
3105266,3
3106020,3
3106683,3
3106889,3
3107087,3
3107313,3
3109047,3
3109536,3
3109807,3
3110377,3
3110850,3
3110954,3
3111039,3
3111152,3
3115935,3
3116494,3
3116748,3
3120593,3
3121655,3
3122231,3
3186976,3
3187068,3
3187138,3
3187204,3
3187302,3
3187533,3
3187698,3
3187828,3
3188266,3
3188349,3
3188409,3
3188463,3
3188661,3
3188776,3
3188843,3
3193939,3
3193990,3
3194045,3
3194112,3
3194149,3
3194182,3
3194257,3
3194311,3
3194354,3
3194445,3
3194550,3
3194711,3
3194867,3
3194939,3
3195153,3
3195467,3
3195517,3
3195566,3
3195603,3
3195666,3
3195771,3
3195883,3
3195977,3
3250052,3
3250310,3
3250491,3
3250707,3
3250790,3
3254273,3
3254280,3
3254356,3
3257711,3
3258150,3
3258928,3
3261656,3
3262472,3
3263740,3
3269051,3
3270321,3
3272150,3
3272542,3
3272576,3
3332184,3
3332291,3
3380591,3
3380592,3
3380795,3
3382171,3
3384013,3
3385496,3
3385516,3
3386772,3
3386976,3
3387066,3
3387288,3
3387421,3
3387501,3
3387591,3
3387677,3
3388305,3
3388306,3
3388387,3
3388662,3
3389676,3
3390038,3
3390698,3
3391266,3
3391421,3
3391523,3
3391644,3
3391852,3
3391937,3
3392002,3
3392042,3
3396736,3
3396893,3
3397004,3
3397134,3
3397411,3
3397521,3
3397618,3
3397676,3
3399069,3
3399327,3
3399353,3
3399453,3
3399625,3
3401142,3
3401143,3
3402201,3
3402241,3
3402544,3
3402549,3
3402597,3
3402639,3
3402981,3
3403141,3
3403238,3
3403304,3
3403435,3
3403511,3
3403586,3
3403619,3
3405003,3
3405113,3
3405161,3
3406553,3
3406766,3
3406922,3
3407115,3
3408965,3
3409170,3
3409253,3
3409329,3
3409375,3
3409677,3
3409782,3
3409825,3
3409872,3
3409916,3
3409925,3
3409946,3
3413948,3
3413949,3
3413950,3
3413951,3
3413952,3
3413953,3
3413954,3
3413955,3
3464185,3
3464239,3
3464287,3
3464330,3
3464354,3
3464380,3
3464445,3
3464500,3
3464551,3
3464569,3
3464623,3
3464663,3
3464947,3
3464989,3
3465345,3
3465408,3
3465463,3
3465468,3
3465483,3
3465542,3
3465577,3
3465657,3
3465710,3
3465726,3
3465783,3
3465794,3
3465801,3
3465812,3
3465879,3
3465905,3
3465917,3
3466386,3
3466387,3
3466388,3
3466389,3
3506726,3
3508835,3
3508836,3
3509402,3
3511844,3
3512079,3
3512640,3
3513983,3
3514204,3
3514357,3
3514748,3
3514830,3
3514901,3
3514918,3
3515306,3
3515619,3
3515901,3
3516282,3
3516398,3
3516505,3
3516601,3
3516678,3
3516759,3
3516791,3
3518811,3
3521243,3
3522017,3
3522327,3
3572022,3
3572094,3
3572168,3
3572185,3
3572268,3
3572325,3
3572382,3
3572397,3
3572622,3
3572662,3
3572701,3
3572728,3
3573244,3
3573361,3
3573425,3
